"BROKEN","EPIC","FAILED","FEATURE","PASSED","SKIPPED","STORY","UNKNOWN"
"0","","0","Pipeline Scenarios","4","0","","0"
"0","","0","Pipeline Creation","1","0","","0"
"1","","0","Add lead into campaign and perform lead actions","3","0","","0"
"0","","0","Filters in Lead Summary Page","5","0","","0"
"0","","1","Bulk update verification in Campaign","3","0","","0"
"0","","0","Creating a New Campaign and Adding leads inside the Campaign","2","0","","0"
"0","","0","Delete the created campaign and pipeline","2","0","","0"
"0","","0","Leads Verification","1","0","","0"
"0","","0","Login functionality","1","0","","0"
